{
  "rewards": {
    "recipes": [
      "minecraft:black_carpet"
    ]
  },
  "criteria": {
    "has_black_wool": {
      "trigger": "minecraft:inventory_changed",
      "conditions": {
        "items": [
          {
            "item": "minecraft:wool",
            "data": 15
          }
        ]
      }
    },
    "has_the_recipe": {
      "trigger": "minecraft:recipe_unlocked",
      "conditions": {
        "recipe": "black_carpet"
      }
    }
  },
  "requirements": [
    [
      "has_black_wool"
    ],
    [
      "has_the_recipe"
    ]
  ]
}