{
  "rewards": {
    "recipes": [
      "minecraft:enchanting_table"
    ]
  },
  "criteria": {
    "has_the_recipe": {
      "trigger": "minecraft:recipe_unlocked",
      "conditions": {
        "recipe": "enchanting_table"
      }
    },
    "has_obsidian": {
      "trigger": "minecraft:inventory_changed",
      "conditions": {
        "items": [
          {
            "item": "minecraft:obsidian"
          }
        ]
      }
    }
  },
  "requirements": [
    [
      "has_the_recipe"
    ],
    [
      "has_obsidian"
    ]
  ]
}