{
  "rewards": {
    "recipes": [
      "minecraft:end_rod"
    ]
  },
  "criteria": {
    "has_chorus_fruit_popped": {
      "trigger": "minecraft:inventory_changed",
      "conditions": {
        "items": [
          {
            "item": "minecraft:chorus_fruit_popped"
          }
        ]
      }
    },
    "has_the_recipe": {
      "trigger": "minecraft:recipe_unlocked",
      "conditions": {
        "recipe": "end_rod"
      }
    }
  },
  "requirements": [
    [
      "has_chorus_fruit_popped"
    ],
    [
      "has_the_recipe"
    ]
  ]
}