{
  "rewards": {
    "recipes": [
      "minecraft:end_crystal"
    ]
  },
  "criteria": {
    "has_ender_eye": {
      "trigger": "minecraft:inventory_changed",
      "conditions": {
        "items": [
          {
            "item": "minecraft:ender_eye"
          }
        ]
      }
    },
    "has_the_recipe": {
      "trigger": "minecraft:recipe_unlocked",
      "conditions": {
        "recipe": "end_crystal"
      }
    }
  },
  "requirements": [
    [
      "has_ender_eye"
    ],
    [
      "has_the_recipe"
    ]
  ]
}