{
  "rewards": {
    "recipes": [
      "minecraft:lime_banner"
    ]
  },
  "criteria": {
    "has_the_recipe": {
      "trigger": "minecraft:recipe_unlocked",
      "conditions": {
        "recipe": "lime_banner"
      }
    },
    "has_lime_wool": {
      "trigger": "minecraft:inventory_changed",
      "conditions": {
        "items": [
          {
            "item": "minecraft:wool",
            "data": 5
          }
        ]
      }
    }
  },
  "requirements": [
    [
      "has_the_recipe"
    ],
    [
      "has_lime_wool"
    ]
  ]
}