{
  "rewards": {
    "recipes": [
      "minecraft:mushroom_stew"
    ]
  },
  "criteria": {
    "has_bowl": {
      "trigger": "minecraft:inventory_changed",
      "conditions": {
        "items": [
          {
            "item": "minecraft:bowl"
          }
        ]
      }
    },
    "has_the_recipe": {
      "trigger": "minecraft:recipe_unlocked",
      "conditions": {
        "recipe": "mushroom_stew"
      }
    }
  },
  "requirements": [
    [
      "has_bowl"
    ],
    [
      "has_the_recipe"
    ]
  ]
}