{
  "rewards": {
    "recipes": [
      "minecraft:golden_carrot"
    ]
  },
  "criteria": {
    "has_gold_nugget": {
      "trigger": "minecraft:inventory_changed",
      "conditions": {
        "items": [
          {
            "item": "minecraft:gold_nugget"
          }
        ]
      }
    },
    "has_the_recipe": {
      "trigger": "minecraft:recipe_unlocked",
      "conditions": {
        "recipe": "golden_carrot"
      }
    }
  },
  "requirements": [
    [
      "has_gold_nugget"
    ],
    [
      "has_the_recipe"
    ]
  ]
}