{
  "rewards": {
    "recipes": [
      "minecraft:dispenser"
    ]
  },
  "criteria": {
    "has_bow": {
      "trigger": "minecraft:inventory_changed",
      "conditions": {
        "items": [
          {
            "item": "minecraft:bow"
          }
        ]
      }
    },
    "has_the_recipe": {
      "trigger": "minecraft:recipe_unlocked",
      "conditions": {
        "recipe": "dispenser"
      }
    }
  },
  "requirements": [
    [
      "has_bow"
    ],
    [
      "has_the_recipe"
    ]
  ]
}