{
  "rewards": {
    "recipes": [
      "minecraft:light_weighted_pressure_plate"
    ]
  },
  "criteria": {
    "has_gold_ingot": {
      "trigger": "minecraft:inventory_changed",
      "conditions": {
        "items": [
          {
            "item": "minecraft:gold_ingot"
          }
        ]
      }
    },
    "has_the_recipe": {
      "trigger": "minecraft:recipe_unlocked",
      "conditions": {
        "recipe": "light_weighted_pressure_plate"
      }
    }
  },
  "requirements": [
    [
      "has_gold_ingot"
    ],
    [
      "has_the_recipe"
    ]
  ]
}