{
  "rewards": {
    "recipes": [
      "minecraft:book"
    ]
  },
  "criteria": {
    "has_paper": {
      "trigger": "minecraft:inventory_changed",
      "conditions": {
        "items": [
          {
            "item": "minecraft:paper"
          }
        ]
      }
    },
    "has_the_recipe": {
      "trigger": "minecraft:recipe_unlocked",
      "conditions": {
        "recipe": "book"
      }
    }
  },
  "requirements": [
    [
      "has_paper"
    ],
    [
      "has_the_recipe"
    ]
  ]
}