{
  "rewards": {
    "recipes": [
      "minecraft:emerald"
    ]
  },
  "criteria": {
    "has_emerald_block": {
      "trigger": "minecraft:inventory_changed",
      "conditions": {
        "items": [
          {
            "item": "minecraft:emerald_block"
          }
        ]
      }
    },
    "has_the_recipe": {
      "trigger": "minecraft:recipe_unlocked",
      "conditions": {
        "recipe": "emerald"
      }
    }
  },
  "requirements": [
    [
      "has_emerald_block"
    ],
    [
      "has_the_recipe"
    ]
  ]
}