{
  "rewards": {
    "recipes": [
      "minecraft:iron_nugget",
      "minecraft:iron_ingot_from_nuggets"
    ]
  },
  "criteria": {
    "has_at_least_9_iron_nugget": {
      "trigger": "minecraft:inventory_changed",
      "conditions": {
        "items": [
          {
            "item": "minecraft:iron_nugget",
            "count": {
              "min": 9
            }
          }
        ]
      }
    },
    "has_the_recipe": {
      "trigger": "minecraft:recipe_unlocked",
      "conditions": {
        "recipe": "iron_ingot_from_nuggets"
      }
    }
  },
  "requirements": [
    [
      "has_at_least_9_iron_nugget"
    ],
    [
      "has_the_recipe"
    ]
  ]
}