{
  "rewards": {
    "recipes": [
      "minecraft:melon_seeds"
    ]
  },
  "criteria": {
    "has_melon": {
      "trigger": "minecraft:inventory_changed",
      "conditions": {
        "items": [
          {
            "item": "minecraft:melon"
          }
        ]
      }
    },
    "has_the_recipe": {
      "trigger": "minecraft:recipe_unlocked",
      "conditions": {
        "recipe": "melon_seeds"
      }
    }
  },
  "requirements": [
    [
      "has_melon"
    ],
    [
      "has_the_recipe"
    ]
  ]
}