{
  "rewards": {
    "recipes": [
      "minecraft:slime_ball"
    ]
  },
  "criteria": {
    "has_slime": {
      "trigger": "minecraft:inventory_changed",
      "conditions": {
        "items": [
          {
            "item": "minecraft:slime"
          }
        ]
      }
    },
    "has_the_recipe": {
      "trigger": "minecraft:recipe_unlocked",
      "conditions": {
        "recipe": "slime_ball"
      }
    }
  },
  "requirements": [
    [
      "has_slime"
    ],
    [
      "has_the_recipe"
    ]
  ]
}