{
  "rewards": {
    "recipes": [
      "minecraft:bookshelf"
    ]
  },
  "criteria": {
    "has_book": {
      "trigger": "minecraft:inventory_changed",
      "conditions": {
        "items": [
          {
            "item": "minecraft:book"
          }
        ]
      }
    },
    "has_the_recipe": {
      "trigger": "minecraft:recipe_unlocked",
      "conditions": {
        "recipe": "bookshelf"
      }
    }
  },
  "requirements": [
    [
      "has_book"
    ],
    [
      "has_the_recipe"
    ]
  ]
}