{
  "rewards": {
    "recipes": [
      "minecraft:end_bricks"
    ]
  },
  "criteria": {
    "has_end_stone": {
      "trigger": "minecraft:inventory_changed",
      "conditions": {
        "items": [
          {
            "item": "minecraft:end_stone"
          }
        ]
      }
    },
    "has_the_recipe": {
      "trigger": "minecraft:recipe_unlocked",
      "conditions": {
        "recipe": "end_bricks"
      }
    }
  },
  "requirements": [
    [
      "has_end_stone"
    ],
    [
      "has_the_recipe"
    ]
  ]
}