{
  "rewards": {
    "recipes": [
      "minecraft:magma"
    ]
  },
  "criteria": {
    "has_magma_cream": {
      "trigger": "minecraft:inventory_changed",
      "conditions": {
        "items": [
          {
            "item": "minecraft:magma_cream"
          }
        ]
      }
    },
    "has_the_recipe": {
      "trigger": "minecraft:recipe_unlocked",
      "conditions": {
        "recipe": "magma"
      }
    }
  },
  "requirements": [
    [
      "has_magma_cream"
    ],
    [
      "has_the_recipe"
    ]
  ]
}