{
  "rewards": {
    "recipes": [
      "minecraft:quartz_stairs"
    ]
  },
  "criteria": {
    "has_quartz_block": {
      "trigger": "minecraft:inventory_changed",
      "conditions": {
        "items": [
          {
            "item": "minecraft:quartz_block"
          }
        ]
      }
    },
    "has_the_recipe": {
      "trigger": "minecraft:recipe_unlocked",
      "conditions": {
        "recipe": "quartz_stairs"
      }
    }
  },
  "requirements": [
    [
      "has_quartz_block"
    ],
    [
      "has_the_recipe"
    ]
  ]
}