{
  "rewards": {
    "recipes": [
      "minecraft:snow"
    ]
  },
  "criteria": {
    "has_snowball": {
      "trigger": "minecraft:inventory_changed",
      "conditions": {
        "items": [
          {
            "item": "minecraft:snowball"
          }
        ]
      }
    },
    "has_the_recipe": {
      "trigger": "minecraft:recipe_unlocked",
      "conditions": {
        "recipe": "snow"
      }
    }
  },
  "requirements": [
    [
      "has_snowball"
    ],
    [
      "has_the_recipe"
    ]
  ]
}