{
  "rewards": {
    "recipes": [
      "minecraft:stonebrick"
    ]
  },
  "criteria": {
    "has_stone": {
      "trigger": "minecraft:inventory_changed",
      "conditions": {
        "items": [
          {
            "item": "minecraft:stone",
            "data": 0
          }
        ]
      }
    },
    "has_the_recipe": {
      "trigger": "minecraft:recipe_unlocked",
      "conditions": {
        "recipe": "stonebrick"
      }
    }
  },
  "requirements": [
    [
      "has_stone"
    ],
    [
      "has_the_recipe"
    ]
  ]
}