{
  "rewards": {
    "recipes": [
      "minecraft:detector_rail"
    ]
  },
  "criteria": {
    "has_rail": {
      "trigger": "minecraft:inventory_changed",
      "conditions": {
        "items": [
          {
            "item": "minecraft:rail"
          }
        ]
      }
    },
    "has_the_recipe": {
      "trigger": "minecraft:recipe_unlocked",
      "conditions": {
        "recipe": "detector_rail"
      }
    }
  },
  "requirements": [
    [
      "has_rail"
    ],
    [
      "has_the_recipe"
    ]
  ]
}